69,22,Dori Wenn,Kashmiri,Hutt
49,10,Obidiah Niese,Estonian,Ewok
69,79,Xena Burnsall,Hungarian,Human
54,38,Zackariah Banasik,West Frisian,Hutt
31,61,Madeleine Pykerman,Kashmiri,Sith
77,23,Brook Nortcliffe,Dzongkha,Wookie
22,35,Anna-diane Vanyard,Swati,Sith
71,93,Enid Goulbourn,Nepali,Gungan
66,2,Nappie Macro,Latvian,Twilek
76,18,Xavier Gorst,Northern Sotho,Togruta
39,87,Bibbie Walewski,Croatian,Togruta
35,17,Klara Beamond,Burmese,Hutt
22,14,Blondell Muffen,Bislama,Sith
25,35,Robenia Bridewell,Thai,Twilek
65,33,Faye Leppard,Maltese,Human
61,35,Rhonda Blenkin,Khmer,Twilek
46,17,Jules Fleg,Luxembourgish,Ewok
36,53,Gabie Effaunt,Nepali,Ewok
43,80,Hansiain Kinkead,Papiamento,Togruta
49,62,Viviana Vennart,Polish,Wookie
41,42,Phelia Giuron,Persian,Human
54,93,Sabra Lesly,Tamil,Wookie
46,53,Tabb Pratley,Chinese,Ewok
32,4,Albertina O'Spellissey,Catalan,Jawa
38,52,Quill Hedges,Tok Pisin,Wookie
59,11,Orelia O'Mullaney,New Zealand Sign Language,Gungan
57,76,Marita Crease,Kyrgyz,Gungan
23,34,Cully Waitland,Kashmiri,Sith
49,57,Billie Lowdyane,Tamil,Sith
59,11,Pearla Darlow,Swahili,Hutt
38,15,Cecilio Loude,Indonesian,Human
30,8,Meryl Cornelleau,German,Hutt
80,10,Kellyann Corr,Aymara,Sith
74,61,Sayre Shreeves,Montenegrin,Twilek
68,39,Gaylor McRoberts,Indonesian,Wookie
48,84,Cyrille Chill,Azeri,Gungan
80,49,Rob Huffer,Chinese,Gungan
44,68,Philip Binion,Kyrgyz,Jawa
29,68,Annelise Arkell,Tamil,Gungan
60,21,Joey Wickwarth,Hiri Motu,Human
75,31,Chrissie Philcott,Belarusian,Jawa
69,42,Barrie Foulsham,Haitian Creole,Togruta
63,19,Adelle Orta,Estonian,Ewok
27,90,Cecile Romme,Danish,Togruta
56,12,Iain Sherwill,Malay,Hutt
43,1,Miguel Wellum,Latvian,Togruta
37,85,Quintilla Rosander,Norwegian,Wookie
25,74,Tiphany Sculpher,Quechua,Hutt
28,18,Quinta Casale,Kurdish,Human
64,1,Algernon Goolding,Portuguese,Wookie
71,29,Olive Pinchon,Malay,Hutt
60,19,Rhonda Winterbourne,Malayalam,Gungan
28,100,Terry Bernot,Greek,Jawa
59,68,Georgiana Griniov,Greek,Human
33,47,Fiona Coning,Norwegian,Ewok
69,32,Cristin Rushman,Tswana,Human
46,20,Maurine Dunstall,Kyrgyz,Ewok
34,34,Mycah Teasdale-Markie,Quechua,Human
75,19,Spense Huxtable,Montenegrin,Togruta
46,81,Vaughan Corsor,Guaraní,Gungan
62,21,Tracey Severn,Icelandic,Gungan
21,13,Jarrid O'Dennehy,Dutch,Twilek
71,43,Thatcher Madine,Maltese,Wookie
20,74,Damara Mechi,Malay,Human
64,29,Cullin Blowes,Lao,Jawa
38,7,Hagen Kosel,Montenegrin,Ewok
74,18,Chico Antony,Kazakh,Wookie
79,5,Koenraad Swinford,Malayalam,Hutt
58,72,Thia McNern,Yiddish,Ewok
49,22,Land Keaysell,Spanish,Wookie
21,17,Raina Hugill,Malay,Sith
73,49,Munmro Menelaws,Ndebele,Jawa
54,14,Kurtis Rumke,Arabic,Gungan
23,67,Orbadiah Taunton.,Quechua,Gungan
67,67,Nisse Lincoln,Telugu,Sith
73,65,Dollie Temporal,Georgian,Gungan
45,95,Garrik Garbutt,Moldovan,Twilek
58,77,Yehudit Harkins,Azeri,Jawa
50,19,Georgia Gribbins,Polish,Sith
32,54,Birgit Bucklan,Moldovan,Hutt
46,91,Marcie Readhead,Dari,Jawa
57,27,Philippe Bartali,Dhivehi,Twilek
26,60,Livvie Slewcock,Czech,Human
73,2,Jackie Schimmang,Arabic,Sith
59,41,Gunther Pollendine,Dari,Twilek
40,38,Amandie Dineges,Tswana,Wookie
70,58,Agnola Rosborough,Mongolian,Jawa
54,33,Cindy Axtens,Tswana,Sith
70,26,Rabi Eede,Hiri Motu,Jawa
25,97,Marya Losebie,Tamil,Jawa
21,22,Kristan Ninotti,Greek,Jawa
22,28,Darcie McCreath,Luxembourgish,Ewok
34,97,Myrvyn Boot,West Frisian,Twilek
53,94,Hyacinthe Sousa,Telugu,Wookie
59,99,Sharity Reynard,Latvian,Sith
35,3,George Rubartelli,Hungarian,Jawa
50,26,Freedman Lordon,Romanian,Human
37,34,Arman Wesker,Malayalam,Hutt
35,16,Sigfried Galliford,Northern Sotho,Sith
26,96,Fredrika Houltham,Spanish,Wookie
58,48,Alex Junes,Tamil,Hutt
58,68,Reggis Devanney,Telugu,Wookie
62,82,Stanley Thomasson,Lithuanian,Sith
35,30,Harp Bloys,Papiamento,Human
24,70,Arlan Glowacki,Nepali,Jawa
68,17,Cart Armitt,Malay,Wookie
55,24,Ricky Leyman,Malagasy,Human
37,88,Calhoun Cawthorn,Kyrgyz,Twilek
58,56,Correy Siaspinski,Hiri Motu,Togruta
25,2,Beverie Terrill,Malay,Ewok
28,10,Patrizio Jarratt,Thai,Human
23,8,Ron Piff,Punjabi,Ewok
40,71,Bessy De Francisci,Armenian,Gungan
58,27,Findley Wylder,Aymara,Gungan
50,96,Shamus Issitt,Kurdish,Ewok
51,18,Bradney Serridge,Somali,Jawa
49,5,Roshelle Beteriss,Sotho,Hutt
61,19,Giacinta O' Sullivan,Ndebele,Twilek
39,72,Abeu Knuckles,Papiamento,Wookie
75,71,Opaline Crowth,Pashto,Sith
60,76,Amalita Lack,Hebrew,Hutt
55,70,Letizia Tucknutt,Armenian,Jawa
80,88,Caddric Corish,Dzongkha,Wookie
74,28,Mabelle Bebb,Greek,Hutt
76,45,Elysha Featherstonhaugh,Hungarian,Togruta
39,46,Joannes McComiskey,Swati,Jawa
32,57,Velma Dadson,Korean,Wookie
45,31,Pearle Folbigg,English,Twilek
24,82,Hermina Rosencrantz,Portuguese,Togruta
70,71,Jorgan Brake,Japanese,Togruta
60,97,Agatha Dewen,Filipino,Hutt
60,22,Casie Ruben,Dari,Jawa
72,79,Lora Huckell,Kurdish,Jawa
39,75,Jed Gotch,Kannada,Human
35,86,Gaby Drowsfield,Gagauz,Human
61,13,Addy Resdale,Indonesian,Human
43,52,Salomone Hegg,Moldovan,Sith
57,54,Pamella Brettell,Armenian,Human
50,62,Stevena Shury,Moldovan,Gungan
26,12,Emelda Erdes,Nepali,Wookie
31,77,Reid Sherborn,Lithuanian,Gungan
28,64,Florenza Desouza,Bengali,Ewok
70,16,Parsifal Foot,Somali,Sith
28,10,Kerwin Dommersen,Yiddish,Human
63,41,Luca Sadat,Afrikaans,Ewok
61,70,Merissa Mobius,Hindi,Gungan
21,15,Michele Haverson,Oriya,Togruta
21,49,Nolie Slimmon,Kashmiri,Togruta
53,87,Carola Swetland,Sotho,Sith
35,60,Deanna Lyddy,Croatian,Human
21,69,Shanan Manion,Catalan,Togruta
27,99,Jenilee Tather,Khmer,Human
70,4,Jess McCourt,German,Jawa
45,35,Whit Philpot,Belarusian,Wookie
20,91,Nicholas Adcocks,Croatian,Twilek
80,21,Geri Brownill,Assamese,Togruta
44,2,Giacomo Hardeman,Spanish,Wookie
49,75,Chalmers Blackhurst,Greek,Togruta
23,53,Horst Van Dijk,Hiri Motu,Ewok
46,85,Lucina Tomasino,Papiamento,Jawa
35,18,Rosita Grannell,English,Hutt
78,10,Jervis Rummings,Kurdish,Jawa
55,35,Sile Kubicek,Papiamento,Jawa
42,29,Cornie Lympenie,Spanish,Hutt
37,42,Karita Comello,Haitian Creole,Twilek
30,38,Roma Chaters,Kazakh,Hutt
26,85,Marcille Colebrook,Armenian,Togruta
50,40,Meredithe MacElane,Kurdish,Wookie
63,75,Jenny Standish-Brooks,Fijian,Ewok
50,78,Erinna Paxton,Hiri Motu,Togruta
71,41,Sheppard Luke,English,Hutt
27,1,Georgy Phythian,Spanish,Gungan
54,2,Mavis Huntress,Assamese,Gungan
80,41,Waiter Reicherz,Oriya,Togruta
20,4,Ashia Bonin,Quechua,Jawa
53,57,Kath Eatherton,Hindi,Hutt
54,14,Kaja Clewes,Korean,Ewok
58,90,Jemmie Batey,Swahili,Gungan
36,96,Ciel Blare,English,Sith
69,10,Courtnay Jedrzejewsky,Assamese,Wookie
40,89,Cordi Glanders,Kurdish,Togruta
31,49,Sigrid Blowin,Yiddish,Wookie
38,90,Betteann Goodband,Zulu,Ewok
27,95,Venita Walework,Dari,Togruta
39,15,Base Ollerton,Catalan,Sith
68,62,Albrecht Arundale,Filipino,Wookie
69,46,Angele Mathwen,Arabic,Ewok
65,80,Shayla Concklin,Finnish,Wookie
79,22,Dwain Van Bruggen,Māori,Hutt
70,90,Dory Farrah,Ndebele,Hutt
28,11,Zaria Handrek,Tamil,Hutt
42,55,Kessiah Splevins,Lithuanian,Jawa
30,14,Solly Klehyn,Guaraní,Wookie
76,33,Gwendolin Adcocks,Māori,Human
67,27,Travis Brettel,West Frisian,Sith
70,44,Rodrique Reddan,Pashto,Wookie
65,9,Myriam Pachmann,Quechua,Wookie
51,81,Tiffy Evitt,Marathi,Wookie
58,63,Mercy Sivewright,Moldovan,Twilek
55,71,Blinny Inglish,Tok Pisin,Hutt
60,4,Vitia Rollitt,Armenian,Hutt
77,48,Andee Critchley,Malagasy,Twilek
39,27,Katina Chorlton,Swedish,Ewok
44,32,Corby Batchelour,German,Twilek
22,88,Emmett Braizier,Tajik,Wookie
44,48,Kikelia Dabes,English,Jawa
49,94,Eleonora Korneichuk,Czech,Jawa
75,67,Alyson Eastabrook,French,Togruta
68,29,Hatti Pellingar,Icelandic,Wookie
55,48,Juli Fursse,Thai,Gungan
80,96,Letisha Guille,Swedish,Ewok
22,6,Costanza Tynewell,Tamil,Wookie
34,100,Selinda Laidel,Japanese,Wookie
28,7,Eduino Indruch,Gujarati,Jawa
63,61,Olympie Wilsone,Portuguese,Hutt
60,21,Denver Packham,Moldovan,Togruta
59,13,Charlotte Ketchen,Greek,Sith
54,68,Cammie Royson,Hebrew,Ewok
65,83,Stu Redmell,Swedish,Gungan
33,85,Ileana Hartzogs,Assamese,Togruta
64,17,Berenice Petegrew,Lithuanian,Gungan
34,58,Winni Versey,Tajik,Hutt
49,63,Odey Dwelley,Kashmiri,Jawa
63,76,Arielle Bowdidge,Oriya,Ewok
79,16,Diana Schoales,Tetum,Gungan
65,71,Ursuline Thrustle,Tswana,Sith
70,98,Thorvald Westmoreland,Moldovan,Gungan
73,53,Fernanda Ducker,Bulgarian,Ewok
37,24,Aubry Clymo,Latvian,Twilek
80,75,Haze Hainey,Fijian,Wookie
23,83,Christie Windham,Finnish,Sith
79,56,Freda Ronan,Marathi,Hutt
76,54,Forrester Codman,Bislama,Hutt
39,65,Dalia Abbs,Bosnian,Togruta
44,29,Jodi Parsley,Bulgarian,Ewok
63,14,Trista Jurkowski,Icelandic,Sith
39,93,Anallise Jantzen,Mongolian,Ewok
28,23,Richmond Manus,Bengali,Sith
71,2,Priscilla Prugel,Irish Gaelic,Gungan
44,96,Arnold Wynes,Hungarian,Human
32,51,Tobie Eilhart,Bislama,Wookie
45,29,Mozelle Casarini,Moldovan,Togruta
23,25,Goldy Forbes,Khmer,Hutt
67,41,Lexine Leach,Tswana,Hutt
25,23,Cameron Ausiello,Dutch,Togruta
78,49,Renato Grabiec,New Zealand Sign Language,Gungan
30,94,Nicoline Southwick,Estonian,Wookie
54,47,Fransisco Hickin,Sotho,Hutt
41,20,Jessey McIlwrick,German,Togruta
26,17,Winthrop Hamblen,Indonesian,Wookie
49,92,Vevay Gauvain,Danish,Gungan
55,15,Henrik Greenmon,Swati,Togruta
33,64,Monique Everwin,Spanish,Jawa
63,70,Lodovico Hulles,Kyrgyz,Jawa
69,1,Edgar Crosgrove,Bislama,Wookie
52,70,Tiphany Bew,Gujarati,Sith
71,22,Ivor Mulran,Czech,Wookie
78,35,Tammi Sidden,Kazakh,Ewok
75,6,Ree Alger,Mongolian,Twilek
52,71,Friedrick Hames,Sotho,Sith
28,44,Gwen Caff,Dzongkha,Human
64,59,Hollis Aughton,Somali,Wookie
41,64,Eugenia Matej,Bulgarian,Sith
72,40,Yehudi Jouanny,Lao,Wookie
53,4,Pippy Minchindon,Khmer,Jawa
49,86,Carolan Tripean,Portuguese,Wookie
61,27,Valene Gentle,Norwegian,Twilek
61,98,Lynea Wallice,Yiddish,Wookie
58,16,Jaimie Prozillo,Hebrew,Human
70,86,Jenelle Chevin,Afrikaans,Sith
20,67,Calvin Maunders,Moldovan,Togruta
62,59,Sonnie Peterffy,New Zealand Sign Language,Togruta
37,65,Becki Juara,Greek,Ewok
76,12,Micheal Peggram,Dzongkha,Togruta
23,28,Gerome Novkovic,Fijian,Twilek
63,32,Job Edleston,Oriya,Wookie
55,48,Delano Muzzullo,Amharic,Hutt
31,36,Doe Judkins,Oriya,Hutt
28,5,Percival Scones,Pashto,Togruta
77,94,Horace Du Plantier,Icelandic,Twilek
58,86,Hurleigh Maffioletti,Luxembourgish,Human
52,29,Madelene Snazel,Bosnian,Wookie
37,72,Obed Poluzzi,Finnish,Gungan
33,36,Jethro Trevethan,Yiddish,Twilek
33,83,Row Devereu,Swahili,Togruta
21,68,Eustace Lacey,Tajik,Jawa
49,15,Rachel Chicotti,Maltese,Human
37,19,Barbara-anne Moggach,Swahili,Ewok
20,39,Tommy Pottle,Northern Sotho,Sith
60,47,Katinka Herkess,Montenegrin,Hutt
79,53,Karyn Kirkpatrick,Arabic,Twilek
40,93,Ephrayim Mursell,Malagasy,Togruta
47,51,Chev Costanza,Swahili,Gungan
36,33,Corenda Jikovsky,Chinese,Sith
43,54,Jamaal Plenderleith,Dzongkha,Gungan
32,63,Rayna Ivimy,Polish,Jawa
66,88,Meridel Wiltshaw,Papiamento,Gungan
79,49,Milton Griswaite,Norwegian,Hutt
63,67,Hartwell Yardley,Catalan,Jawa
26,25,Rebeka Brummell,Aymara,Togruta
38,70,Ruy Antoinet,Bengali,Ewok
22,37,Jana Petkovic,Korean,Wookie
38,89,Milzie Frankcomb,Kazakh,Sith
61,4,Helena Blune,Zulu,Togruta
34,42,Dag Lepoidevin,Swati,Jawa
50,75,Diahann Miche,Lao,Jawa
52,83,Hana Rickaby,German,Togruta
63,30,Fulton Knightley,Quechua,Twilek
28,36,Gerta Stainfield,Tajik,Hutt
45,89,Scott Drains,Norwegian,Gungan
42,28,Vince Peyto,Tok Pisin,Wookie
72,79,Aubrey Aberdein,Estonian,Human
47,100,Joseph Handscomb,Thai,Twilek
30,6,Kellie Whitty,Assamese,Wookie
43,36,Aurelia Barus,Amharic,Togruta
23,73,Scottie Roistone,New Zealand Sign Language,Sith
43,71,Trever Matley,Irish Gaelic,Gungan
48,60,Farr Garrett,Quechua,Human
69,77,Ansell Gillbey,Korean,Twilek
49,54,Barris Margarson,Lithuanian,Ewok
58,70,Eadmund Mattek,Gagauz,Togruta
26,55,Free Hatrey,Lithuanian,Wookie
59,13,Emmie Boyet,Somali,Sith
77,5,Jacklin Ginger,Chinese,Human
80,32,Benyamin Hayton,New Zealand Sign Language,Sith
38,78,Brittni Geeves,Kyrgyz,Twilek
38,44,Tirrell Bedell,Maltese,Twilek
77,68,Fionnula Klimko,Moldovan,Human
48,20,Pooh O'Lagene,Icelandic,Gungan
51,23,Samuele Mebs,Fijian,Ewok
74,66,Dore Braybrooke,French,Human
50,57,Desmund McKnockiter,Greek,Gungan
27,77,Ferd Tungate,Kyrgyz,Jawa
64,6,Brodie Trenbey,Guaraní,Togruta
32,94,Chen Farish,Dzongkha,Sith
77,15,Durante Rishworth,Finnish,Hutt
59,90,Sheeree Laurentin,Hungarian,Hutt
49,37,Ertha Rowlands,Moldovan,Human
54,81,Morgen Tivenan,Arabic,Twilek
38,53,Davie Faldo,Marathi,Togruta
48,28,Miner Brickwood,Swahili,Jawa
77,33,Hurlee Popley,Northern Sotho,Twilek
62,12,Adelind Bagwell,Hungarian,Wookie
67,14,Janene Belvin,Finnish,Ewok
73,47,Ole York,Swati,Hutt
68,2,Dallon Bedingfield,Tetum,Ewok
41,65,Grenville Van der Hoven,Māori,Hutt
47,1,Waiter Henrie,Dari,Wookie
39,81,Lesly Husband,Dhivehi,Jawa
43,47,Jefferson Andersson,Filipino,Ewok
36,5,Else Forrester,Thai,Jawa
47,47,Marthe Bonnier,Polish,Human
48,62,Mercie Swainston,Māori,Sith
72,97,Griselda Wisher,Swati,Togruta
47,38,Charil Hawes,Gagauz,Sith
39,28,Colan Oventon,Oriya,Twilek
52,48,Marna Totton,Punjabi,Human
66,39,Milicent Hairesnape,Hebrew,Wookie
39,80,Jordain Bonehill,Italian,Hutt
27,49,Stanford Shropsheir,New Zealand Sign Language,Hutt
69,68,Chrysler De Mitri,Macedonian,Togruta
20,38,Carlita Hoovart,Nepali,Hutt
54,86,Jenda Procter,Maltese,Jawa
47,19,Arnie Gorman,Catalan,Gungan
30,55,Lion Kenrick,Persian,Jawa
68,99,Algernon Chetwin,Hindi,Ewok
32,49,Clair Papps,Telugu,Jawa
49,13,Lida Austwick,Albanian,Togruta
77,82,Stuart McCleverty,Assamese,Human
34,67,Cheslie Szymaniak,Somali,Ewok
66,76,Bailey Mochar,Macedonian,Twilek
30,5,Brennen McKiernan,Norwegian,Gungan
52,12,Fiorenze Tayspell,Bosnian,Gungan
80,14,Monte Rossborough,Malayalam,Twilek
30,78,Herta Lauchlan,Tetum,Human
32,91,Janifer Kettles,Bulgarian,Hutt
32,7,Kerwin Waldrum,Chinese,Twilek
52,13,Hernando Jerred,Swati,Ewok
63,74,Hamid Poutress,Malay,Ewok
22,2,Clemence Kernock,Dutch,Twilek
44,20,Remus Goggey,West Frisian,Gungan
41,49,Renell Turvey,Yiddish,Togruta
31,34,Jeannette Pilcher,Macedonian,Jawa
34,35,Kathryn Walhedd,Dzongkha,Hutt
77,12,Zach Gorman,Georgian,Wookie
50,11,Almira Babidge,Gagauz,Jawa
38,12,Gustav Culleford,Aymara,Human
67,70,Etienne Emma,Polish,Togruta
53,81,Carree MacBarron,Swati,Sith
35,78,Berrie Annwyl,Mongolian,Hutt
65,95,Rebekah Halkyard,Hiri Motu,Sith
51,17,Trix Haseman,Mongolian,Ewok
66,46,Yank Fleischmann,Ndebele,Human
67,21,Caitlin Hardy,Norwegian,Ewok
68,15,Editha Bedin,Japanese,Togruta
22,71,Wenda Lenox,Kurdish,Twilek
61,54,Nell Silliman,Pashto,Sith
74,79,Winna Coutthart,Telugu,Wookie
80,19,Kennedy Macknish,Catalan,Togruta
64,48,Rochell Sich,Lithuanian,Wookie
49,2,Agace Constable,Latvian,Jawa
25,64,Humbert O'Gormally,Swedish,Twilek
54,20,Gian Shergill,Chinese,Togruta
22,68,Claus Marrow,Lao,Twilek
21,24,Bridie Plascott,Malayalam,Jawa
27,76,Phillipe Mundee,Norwegian,Togruta
75,54,Fabio Pleuman,Māori,Hutt
72,10,Ogden Langmead,Ndebele,Wookie
73,92,Justino Petroulis,Assamese,Sith
29,74,Markus Pinder,Amharic,Wookie
37,64,Reider Bazell,Albanian,Twilek
44,35,Sherilyn Piatek,Bislama,Human
20,58,Joella Challenor,Finnish,Jawa
37,39,Opalina Sandison,English,Gungan
23,8,Tabina Skentelbery,Norwegian,Gungan
41,19,Hammad Cuncarr,Zulu,Hutt
26,22,Emelina Tschirschky,Bosnian,Hutt
68,80,Earle Chitson,Dhivehi,Togruta
28,10,Zia Gabbatt,Malayalam,Ewok
23,58,Pammie Simakov,Persian,Sith
78,36,Inesita Beauly,Yiddish,Gungan
49,57,Malinde O'Fallone,Punjabi,Twilek
79,32,Jillian Shaddick,West Frisian,Sith
34,12,Francisca Guinnane,Dutch,Jawa
60,57,Alejandra Pahl,Punjabi,Gungan
37,72,Chas Mc Grath,Pashto,Gungan
57,83,Gilles Hainge,Armenian,Gungan
21,73,Hartwell Fidoe,Armenian,Jawa
24,19,Sharl Oats,Portuguese,Human
24,7,Ermina Iacobetto,Persian,Sith
62,53,Joceline Rossborough,Finnish,Wookie
77,47,Josee Sivell,Pashto,Hutt
53,94,Calv Gleaves,Gujarati,Twilek
78,79,Abraham Janek,Malagasy,Wookie
40,46,Chelsey Hele,Zulu,Ewok
31,75,Joanie Van der Daal,Czech,Human
69,23,Lorie Hews,Filipino,Jawa
56,29,Dell Korejs,Bosnian,Sith
80,100,Odo Brownlow,Zulu,Human
59,43,Anneliese Sproule,Afrikaans,Jawa
29,8,Ephraim Hullah,Tamil,Sith
33,4,Netti Weymont,Nepali,Hutt
60,35,Simonne Whiskin,Danish,Hutt
27,44,Percival Klimochkin,Latvian,Human
70,30,Rozanne Tootell,Tajik,Jawa
20,98,Isis Liddle,English,Sith
51,87,Delinda Chicco,English,Twilek
60,6,Niki Ivakhnov,Hiri Motu,Ewok
23,65,Leodora Krinks,Chinese,Hutt
58,18,Brenden Sharrocks,Zulu,Togruta
49,1,Staffard Mablestone,Haitian Creole,Hutt
78,20,Zelma Pelcheur,Czech,Sith
40,93,Bailie Tombleson,Tajik,Wookie
46,19,Farrah Margery,Kurdish,Twilek
41,4,Brynn Cowap,Assamese,Twilek
65,84,Cyb Larmuth,Tsonga,Ewok
71,77,Krista Bayman,Ndebele,Jawa
60,11,Renard Lerohan,Korean,Jawa
23,86,Fidela McClarence,Tamil,Sith
46,67,Alfreda Izatt,Czech,Human
57,67,Jonell Scrane,Croatian,Togruta
31,19,Tish Pollastrino,Yiddish,Hutt
57,34,Sapphira O'Kielt,Gagauz,Human
25,49,Lenette Elphinston,Swahili,Hutt
20,57,Dotty Wabersich,Persian,Gungan
80,85,Pearce MacEllen,Guaraní,Jawa
74,100,Lilas Stiller,Persian,Ewok
39,19,Addison Brenneke,Swedish,Sith
74,89,Hashim Olesen,Hindi,Human
42,27,Emily Thoma,Bulgarian,Twilek
71,100,Adela Robertz,Catalan,Human
43,18,Sharron Diggle,West Frisian,Twilek
45,36,Brockie Mollon,Gujarati,Twilek
40,77,Nadia Paur,Swedish,Sith
66,87,Rayna Barsham,Azeri,Jawa
30,36,Patric Padilla,Spanish,Togruta
67,10,Jareb Munks,Dhivehi,Togruta
71,55,Lauraine Whithalgh,Ndebele,Ewok
31,49,Layne Whiteford,Dzongkha,Wookie
48,21,Evelyn Dalling,Afrikaans,Ewok
59,38,Cam Meeks,Armenian,Wookie
66,57,Shirl Di Dello,Ndebele,Hutt
37,11,Matthieu Grabeham,Azeri,Sith
68,56,Thorndike Alben,Portuguese,Togruta
26,5,Averil Windous,Montenegrin,Human
70,17,Vernon Bartocci,Azeri,Gungan
70,52,Devinne Bridgland,Amharic,Wookie
60,59,Fax Newitt,Lithuanian,Twilek
37,52,Gregg Menhenitt,Telugu,Jawa
53,59,Ruby Sherr,Hungarian,Twilek
58,83,Leonerd Ambrosini,Bosnian,Human
47,28,Brenda Masterton,Portuguese,Gungan
29,3,Ludovika Hindenburg,West Frisian,Gungan
69,27,Wilfred Aseef,Montenegrin,Hutt
25,69,Dodie Dowsey,Lao,Ewok
80,64,Tiertza Jeary,German,Sith
26,39,Geneva Dykes,New Zealand Sign Language,Togruta
32,97,Kania Leftley,Kazakh,Hutt
74,62,Truman Pellant,Mongolian,Jawa
36,12,Natalee Dowse,Spanish,Gungan
30,99,Cornall Angrove,Oriya,Human
66,3,Hartwell Priel,Tswana,Hutt
70,4,Alica Hembling,Macedonian,Jawa
70,11,Eleen Landers,Punjabi,Gungan
39,95,Anatole Mcall,Belarusian,Human
46,24,Carlyn Ingilson,Arabic,Hutt
20,37,Barn Dripps,New Zealand Sign Language,Human
79,46,Silvana Strong,Afrikaans,Human
23,90,Bobette Sichardt,Somali,Twilek
67,73,Dyan Ropars,Malagasy,Wookie
49,93,Tandie Meynell,Fijian,Ewok
24,42,Kelsey Barhims,Pashto,Wookie
52,98,Bria Farquharson,Malay,Jawa
49,72,Garrard Vequaud,Arabic,Human
29,14,Ruth Staley,Afrikaans,Hutt
73,86,Lida Pirie,Khmer,Ewok
54,78,Penrod Rival,Persian,Ewok
78,79,Nicolais McGrowther,Yiddish,Human
35,36,Jaime Leedes,Georgian,Twilek
69,65,Rorke Jancar,Hiri Motu,Twilek
42,63,Brose Sillick,Dutch,Ewok
29,99,Winnie Hegarty,West Frisian,Wookie
68,43,Dale Gaiford,Greek,Gungan
52,14,Clemence Parsall,Romanian,Twilek
38,64,Boyce Ajam,Spanish,Twilek
29,48,Nonah Bodman,Georgian,Gungan
53,60,Pattin Cavan,Ndebele,Twilek
21,20,Blayne Tindle,Sotho,Twilek
29,67,Byron Fosh,Moldovan,Wookie
46,23,Emory Ellcock,Pashto,Twilek
34,35,Gregorio Bjerkan,Haitian Creole,Togruta
33,90,Christoforo Briston,Filipino,Gungan
49,79,Barbie Kohnemann,Papiamento,Hutt
31,48,Jabez Akenhead,French,Human
25,45,Rachele Dikels,Pashto,Twilek
28,90,Winifred Beaglehole,German,Twilek
50,84,Barbie Greenslade,Lao,Gungan
21,42,Horatius Hodgets,Latvian,Gungan
48,13,Brig Hartin,Catalan,Twilek
73,34,Sharai Yonge,Maltese,Human
53,67,Chick Leggott,Zulu,Togruta
35,49,Turner Martinho,Northern Sotho,Togruta
36,25,Constanta Blankenship,Pashto,Hutt
31,12,Derward Scrase,Lithuanian,Human
34,89,Alexandre Schimpke,Tamil,Ewok
21,44,Arlie Hurdis,Swati,Togruta
42,17,Johnna Ruf,Belarusian,Gungan
40,87,Skippie Brisset,Sotho,Jawa
31,38,Josh Nelsey,Finnish,Sith
54,17,Stanislas Wickes,Malay,Togruta
78,13,Mollie Fishlee,Ndebele,Ewok
76,66,Jonell Jaulme,Dzongkha,Human
46,98,Ginger MacLoughlin,Persian,Wookie
37,3,Lianne Keller,Persian,Jawa
71,42,La verne Shearmer,Mongolian,Jawa
56,47,Neala Danilovitch,Quechua,Hutt
47,28,Linell Prop,Bulgarian,Human
58,64,Kev Hatcher,Icelandic,Ewok
36,77,Larine Hallward,Italian,Wookie
20,70,Cary Dootson,Arabic,Sith
46,86,Kendricks Barrett,Albanian,Wookie
43,54,Emma Cocks,Sotho,Twilek
46,21,Brody Madelin,Mongolian,Hutt
72,64,Melesa Jowle,Czech,Ewok
36,43,Bellina Sandcroft,Catalan,Togruta
57,7,Felizio Morford,Albanian,Sith
21,7,Garey Clingan,Kashmiri,Human
66,33,Georgie Harm,Northern Sotho,Jawa
30,45,Julia Kewish,Burmese,Hutt
52,87,Johnny Mumbey,Kazakh,Gungan
52,80,Korella Paty,Kannada,Wookie
35,13,Nedda Nazaret,Swati,Sith
63,26,Packston Van Velden,Tetum,Jawa
48,9,Robenia Cumberledge,Czech,Gungan
44,40,Gustavus Lovegrove,Georgian,Ewok
42,39,Maurizia Housiaux,Yiddish,Gungan
42,89,Joella Ormesher,Swati,Sith
36,86,Lyndel Summerlie,Italian,Wookie
74,83,Linc McGunley,Greek,Jawa
76,87,Lee Iveagh,Telugu,Twilek
37,67,Margarete Streatley,Portuguese,Twilek
73,22,Adey Rebbeck,Montenegrin,Jawa
57,32,Myrna Eskrigg,Finnish,Jawa
47,17,Bibby McNamara,Ndebele,Human
27,23,Alene Tate,Finnish,Ewok
70,41,Kettie Clewes,Māori,Togruta
51,39,Arney Bramsom,Japanese,Wookie
79,47,Catherin Sturgeon,Norwegian,Gungan
76,86,Slade Kalinsky,Tswana,Wookie
27,44,Roselia Beany,English,Gungan
40,19,Dasya Midghall,Lao,Wookie
21,88,Patricio Byars,Moldovan,Human
76,74,Horace Tilling,Albanian,Hutt
21,61,Ethyl Petrolli,Azeri,Togruta
46,36,Kaitlin Rysdale,Dari,Hutt
73,54,Tomas Kempston,Greek,Jawa
44,13,Caesar Braidman,German,Togruta
32,45,Gracia Galea,Ndebele,Togruta
38,55,Fiorenze Pauletto,Bulgarian,Twilek
72,68,Giorgia Phippin,Khmer,Gungan
79,45,Zachary de Courcey,Hungarian,Twilek
20,2,Nolly Littlecote,Kashmiri,Jawa
54,7,Michelle Polly,Armenian,Hutt
53,52,Nickolas Dinnies,Yiddish,Gungan
41,83,Harp Papes,Oriya,Hutt
21,100,Helsa Ikins,Telugu,Hutt
77,11,Gib Hawkswood,Malagasy,Wookie
64,43,Ferdinanda Viste,Dzongkha,Wookie
58,60,Nariko Trayling,Hebrew,Gungan
30,60,Gerti Skitch,Hindi,Sith
59,24,Marthena Wythill,Bislama,Togruta
47,60,Carrol Lawrenson,Maltese,Human
43,14,Rosalie Gosforth,Montenegrin,Ewok
25,33,Gib Jerson,Polish,Sith
31,82,Avivah McCrossan,Maltese,Ewok
62,56,Elena Kermeen,Afrikaans,Gungan
44,71,Willie Loreit,Thai,Ewok
80,12,Penn Biggans,Kannada,Hutt
39,63,Henry Duffy,Nepali,Hutt
22,40,Alyce Izhakov,Spanish,Togruta
71,15,Lek Presdee,Amharic,Ewok
73,97,Bryn Vlies,English,Human
66,49,Sheena Banthorpe,Luxembourgish,Wookie
57,34,Myrtice Perse,French,Sith
68,15,Briney Blevin,Icelandic,Ewok
37,30,Brod Hails,Latvian,Human
29,84,Costanza Loble,Bulgarian,Twilek
67,74,Neale Gagan,Kurdish,Ewok
52,35,Gus Bernetti,Swahili,Togruta
23,70,Burton Walter,Malay,Wookie
24,32,Kennett Peevor,Macedonian,Twilek
71,99,Doyle Robathon,Papiamento,Human
37,15,Garv Pylkynyton,Dhivehi,Togruta
64,25,Merilee Mandal,Telugu,Human
65,32,Nedi Sissland,Aymara,Sith
61,18,Matthiew O'Deoran,Nepali,Jawa
79,46,Misha Runnacles,Greek,Wookie
23,79,Nanni Roller,Dhivehi,Togruta
64,35,Emmalynne Tildesley,English,Human
28,72,Meg Schuricht,Thai,Ewok
72,84,Carolyne Vertey,Korean,Human
50,95,Grissel Batch,Korean,Gungan
34,40,Eve Bruyntjes,Ndebele,Wookie
76,47,Agustin Peasee,Bulgarian,Wookie
21,23,Tessy Zaczek,Dzongkha,Wookie
36,25,Westbrook Pointin,Oriya,Twilek
36,42,Devonne Tiebe,Thai,Hutt
48,94,Beltran Casol,Malayalam,Ewok
68,59,Pauly Buckhurst,Portuguese,Jawa
27,97,Conway Mingey,Indonesian,Wookie
71,44,Penelope Gaymer,Gujarati,Gungan
37,55,Emlynne Husk,Spanish,Gungan
68,70,Rutger Oakley,Spanish,Wookie
61,8,Alleyn Hynd,Moldovan,Hutt
47,35,Papagena Stears,Albanian,Sith
72,65,Edgar Lerven,Swahili,Twilek
74,39,Kathryne Aust,Gujarati,Sith
65,91,Dalis Plaskitt,Mongolian,Human
22,79,Diena Lamerton,Kashmiri,Togruta
33,58,Daryl Scardefield,Bislama,Hutt
53,68,Codee Lawday,Catalan,Ewok
46,19,Bryan Ourry,Filipino,Sith
22,93,Madella Proschke,Korean,Togruta
63,76,Euell Dyball,Khmer,Ewok
75,45,Benyamin Weerdenburg,Chinese,Human
26,97,Graham Gyer,Finnish,Twilek
51,73,Giulia Wych,Quechua,Sith
79,66,Kippy Pippard,Chinese,Jawa
22,96,Matthiew McComas,Moldovan,Hutt
52,53,Haroun Muzzi,Albanian,Gungan
77,7,Meredith Tessier,Gujarati,Hutt
57,11,Bayard Picford,Tsonga,Togruta
52,37,Brenna Kett,Burmese,Sith
31,12,Fitzgerald Haversham,Afrikaans,Gungan
48,31,Morry Juhruke,Marathi,Twilek
32,88,Fran Phillput,Swedish,Sith
80,12,Virgilio Scorah,Oriya,Jawa
23,77,Orland Croal,Guaraní,Twilek
58,97,Susy Slocom,Aymara,Wookie
63,68,Seymour Dunkerk,Tsonga,Wookie
72,28,Tate Macartney,Moldovan,Togruta
28,2,Philip Ridger,Montenegrin,Gungan
34,80,Dame Shepperd,Korean,Hutt
36,72,Jaclin Mixture,Danish,Jawa
55,91,Letti Tureville,Swati,Sith
33,74,Malissa Cowthart,Sotho,Hutt
24,99,Freeland Sargant,Luxembourgish,Jawa
34,83,Jilleen Southgate,Māori,Jawa
58,84,Hendrik Kingman,Portuguese,Jawa
37,38,Crystal Carse,Norwegian,Sith
30,77,Tawsha Rosini,Montenegrin,Hutt
60,93,Maurita Chinnick,Gujarati,Wookie
22,63,Ingram Dobson,Portuguese,Human
28,81,Jillene Liveley,Malay,Jawa
38,61,Aline Coot,Bengali,Sith
57,72,Inessa Mallalieu,Georgian,Sith
39,85,Ellwood Treske,Kyrgyz,Jawa
73,65,Mada Coales,Luxembourgish,Jawa
67,91,Ettore Durtnel,West Frisian,Wookie
62,80,Neel Cossam,Finnish,Gungan
36,23,Veradis Sherar,Malayalam,Hutt
50,34,Steffi Garfit,Chinese,Hutt
57,47,Madelena Dionsetto,Lithuanian,Togruta
36,72,Vin Beric,Greek,Ewok
45,5,Petr Huriche,Bulgarian,Ewok
22,17,Stacy Varne,Croatian,Jawa
51,90,Agustin Temby,Dutch,Jawa
24,45,Sophey McAnalley,Latvian,Togruta
75,52,Wes Greguol,Thai,Togruta
24,56,Giacomo Tarquinio,Nepali,Togruta
75,41,Daffi Syversen,Norwegian,Hutt
41,57,Natty Verillo,Kyrgyz,Gungan
43,25,Dicky MacAlpin,Oriya,Sith
37,46,Ward Pendall,Spanish,Hutt
20,62,Bonnie Loraine,Tok Pisin,Wookie
52,54,Nicko Bayman,Macedonian,Sith
43,80,Ransell Whitehair,Aymara,Hutt
29,98,Bourke Pankettman,Dari,Human
71,16,Sylvia Renzo,Albanian,Human
31,34,Kathie Hymans,Tamil,Human
39,8,Marthe Emsley,Romanian,Sith
75,84,Seamus Leggon,Catalan,Gungan
60,67,Cecil Goom,Catalan,Togruta
67,6,Ludovico Capponer,Burmese,Wookie
20,1,Boyd Ragbourn,Georgian,Hutt
24,19,Kellsie Storey,Khmer,Hutt
47,31,Arlinda Goter,Dzongkha,Sith
64,34,Tamas Bissex,Montenegrin,Ewok
69,61,Pacorro Pryer,Maltese,Sith
48,18,Freddie Arnot,French,Jawa
33,94,Augustine Bingle,Kurdish,Togruta
54,28,Fitzgerald Bourhill,Macedonian,Human
76,18,Toni Sharplin,Kashmiri,Ewok
30,63,Zola Harverson,Haitian Creole,Togruta
57,29,Goldie Francescuccio,Tswana,Ewok
51,4,Marilee Seleway,German,Togruta
48,28,Enrique Hugonnet,Hungarian,Togruta
54,46,Sella Gettins,Bulgarian,Sith
64,89,Beulah Klejna,Greek,Gungan
51,92,Orazio Burchmore,Persian,Human
45,52,Annette Bumphrey,Georgian,Gungan
61,37,Candide Dzeniskevich,Oriya,Human
24,44,Olwen Bonick,Kazakh,Jawa
42,41,Ebenezer Goldine,Armenian,Twilek
63,76,Jarret Basketter,Chinese,Jawa
24,43,Carolann Durkin,Armenian,Gungan
22,92,Fenelia Huckster,Kyrgyz,Ewok
49,77,Nadean Caltera,Lao,Wookie
74,20,Mercie Webling,Haitian Creole,Jawa
44,27,Garrot Diggle,Catalan,Jawa
50,34,Ingram Code,Dzongkha,Gungan
57,68,Clayson Roloff,Dutch,Ewok
64,5,Carolyne Cockerill,Moldovan,Gungan
59,16,Byron Scranney,Luxembourgish,Human
69,91,Currey Huston,Georgian,Wookie
37,98,Emmye Davidsson,Fijian,Jawa
74,83,Free Butler-Bowdon,Kannada,Jawa
40,38,Zebedee Breckon,Bulgarian,Human
74,29,Gawain Hardisty,West Frisian,Hutt
62,83,Kaitlynn Obeney,Greek,Ewok
70,69,Aubrie Wenban,Assamese,Twilek
38,26,Valma Stoving,Ndebele,Human
45,15,Robby Cressar,Tetum,Wookie
21,56,Brandon Cowoppe,Bosnian,Wookie
28,66,Daryle Madrell,Kyrgyz,Ewok
72,91,Brynna Alvarado,Lithuanian,Ewok
78,90,Dix Andrewartha,West Frisian,Wookie
49,83,Celinka Borrill,Thai,Wookie
60,29,Ryun Mityashev,Tamil,Ewok
21,78,Gunilla Crosser,New Zealand Sign Language,Human
56,24,Kerr Weatherdon,Gagauz,Human
80,65,Moises O'Hoey,Amharic,Jawa
21,93,Izaak Cowderoy,Japanese,Twilek
33,73,Irwinn Thewless,Maltese,Jawa
49,68,Loy Audsley,Hiri Motu,Hutt
46,89,Marty Tanman,Croatian,Wookie
24,45,Janette Hadenton,Haitian Creole,Wookie
39,89,Lorie Crunden,Ndebele,Human
33,100,Hymie Crick,Maltese,Human
78,33,Deena Kitter,Dhivehi,Twilek
32,99,Windy Calladine,Guaraní,Twilek
25,60,Florence Oneil,Armenian,Twilek
79,48,Torry Hentzeler,Lithuanian,Togruta
43,80,Bail Parfrey,Hungarian,Togruta
43,76,Siouxie Melato,Danish,Jawa
56,93,Luis Gingold,Dari,Twilek
21,61,Fianna Smoughton,English,Jawa
26,85,Hilario Matts,Hiri Motu,Wookie
54,71,Alexa Lazar,Dhivehi,Wookie
58,11,Guenevere Lamplugh,Persian,Twilek
63,60,Tore Fermer,Guaraní,Hutt
49,85,Gizela Di Angelo,Fijian,Wookie
65,92,Parrnell Ditzel,Portuguese,Wookie
59,51,Jammie Crockatt,Latvian,Wookie
26,22,Jorry Deam,Haitian Creole,Jawa
29,36,Xaviera Kneath,Swedish,Ewok
56,62,Myriam Habert,Japanese,Gungan
70,95,Marget Brettor,Gujarati,Sith
73,25,Rice Mote,Dutch,Ewok
38,98,Ellynn Gaisford,Maltese,Human
57,91,Berenice Gorbell,Somali,Togruta
35,42,Meredith Trask,Moldovan,Ewok
51,26,Kingston Bucham,Swedish,Twilek
27,86,Griffith Naris,Aymara,Twilek
42,87,Pippy Musk,Polish,Hutt
27,12,Pooh Caret,Bosnian,Sith
27,24,Ally Dagnall,Khmer,Hutt
63,87,Robenia Kloska,Estonian,Sith
66,16,Verena Binford,Greek,Hutt
63,28,Lexi Pearcey,Japanese,Ewok
29,66,Dasie Cisneros,Arabic,Jawa
39,91,Nancy Butlin,Zulu,Ewok
25,48,Carlye Petrowsky,Mongolian,Human
32,43,Lanette McLucas,Moldovan,Human
32,2,Mariquilla Sloegrave,Estonian,Togruta
35,63,Meara Schowenburg,Hindi,Ewok
43,19,Dulce Foucard,Yiddish,Human
31,55,Camala Skynner,Kyrgyz,Ewok
37,39,Angelia Stiven,Guaraní,Human
61,6,Lezlie McKinley,Somali,Jawa
36,96,Gwennie Lecointe,Montenegrin,Jawa
63,60,Gwenneth Shier,Afrikaans,Sith
68,77,Seana MacEllen,Armenian,Sith
45,92,Goldi Keast,Somali,Ewok
48,83,Ettie Bertouloume,Yiddish,Ewok
51,42,Rolfe Thirlwell,Yiddish,Sith
37,81,Gusta Garahan,Nepali,Hutt
50,67,Fionnula Pitman,Kashmiri,Gungan
57,95,Aloise Simm,Icelandic,Jawa
74,22,Koenraad Venditto,Malagasy,Wookie
57,98,Haily Dignam,Khmer,Gungan
76,10,Tiffanie McKeurtan,Hindi,Ewok
38,82,Johnny Anan,German,Hutt
63,20,Elga Greenalf,Croatian,Togruta
77,18,Schuyler Brunger,Bosnian,Jawa
49,46,Phyllys Knott,Norwegian,Wookie
39,1,Judah Graveney,Indonesian,Human
31,49,Colman Kernoghan,Afrikaans,Twilek
62,96,Collette Miell,Bislama,Twilek
29,48,Sofie Dalton,Gagauz,Gungan
27,2,Shelagh Pyper,Hungarian,Jawa
47,20,Lolita Cavie,Assamese,Jawa
25,43,Rickard Frowing,German,Hutt
26,7,Louella O'Reilly,Guaraní,Togruta
71,30,Warren Lepard,Bengali,Sith
24,96,Elaina Clavey,Bulgarian,Sith
55,59,Ingar Civitillo,Burmese,Wookie
37,79,Cesar Lowdes,Ndebele,Hutt
54,40,Kayla Troubridge,Finnish,Twilek
57,90,Bale Blything,Tajik,Hutt
47,49,Aloysius Geddes,English,Twilek
45,47,Esther Wordsworth,Mongolian,Twilek
37,10,Keri Magister,Danish,Togruta
30,11,Dinnie Jiri,Pashto,Gungan
49,48,Adolphus Tomicki,New Zealand Sign Language,Human
37,63,Maryrose Cinderey,Maltese,Jawa
27,79,Hurlee Pickerin,Kashmiri,Gungan
44,22,Loise Cloute,Bengali,Togruta
64,69,Cecily Manders,Latvian,Togruta
69,87,Cedric Goodyer,Azeri,Jawa
52,37,Frank Woollcott,Hungarian,Wookie
22,39,Darice Hardwell,Kannada,Human
74,33,Berni Thowes,Sotho,Jawa
54,16,Maren Ziebart,German,Gungan
72,44,Matthus Twelves,Tamil,Wookie
47,10,Barton Tax,Czech,Jawa
33,46,Guillema Willans,Bosnian,Hutt
29,77,Brittan Breeton,Telugu,Hutt
32,57,Roxie Blanshard,Hebrew,Ewok
56,77,Claudius Domenichelli,Persian,Gungan
49,74,Matthias Comizzoli,Tajik,Twilek
65,58,Eba Monksfield,Catalan,Togruta
56,68,Sarajane Huguenet,Hiri Motu,Togruta
72,86,Barri Doe,English,Ewok
59,49,Diego Paireman,Dari,Human
37,70,Helene Tuxsell,Lao,Gungan
33,59,Wynn Phippin,Dari,Human
22,62,Carlyn Waeland,Zulu,Hutt
50,22,Wes Basindale,English,Togruta
48,82,Ramona Evensden,West Frisian,Human
65,39,Galina Bristowe,English,Wookie
32,15,Tammy Gores,Malagasy,Sith
34,81,Englebert McHardy,Gagauz,Ewok
37,24,Deanna Bome,Bengali,Togruta
27,95,Terence Marcoolyn,Somali,Ewok
73,71,Rossie Dunbar,Marathi,Sith
70,97,Winonah Binning,Sotho,Ewok
46,3,Trip Pien,Icelandic,Ewok
56,89,Ania Teodoro,Luxembourgish,Hutt
48,80,Samson Poone,English,Human
77,22,Modesty Perutto,Irish Gaelic,Twilek
74,30,Tana Huby,Gagauz,Gungan
74,11,Tony Schiell,Catalan,Human
37,22,Melinda Goodsall,Hungarian,Togruta
78,66,Pietro Cearley,Portuguese,Wookie
68,70,Shirleen Callen,Macedonian,Wookie
22,11,Kimberlee Francesch,Macedonian,Ewok
72,3,Sayre Mizzen,Guaraní,Hutt
74,3,Dory Reeken,Bengali,Gungan
23,86,Adler Ovenell,Finnish,Togruta
20,50,Rafaelia Kitlee,Azeri,Sith
25,77,Jeni McCrossan,Tajik,Gungan
28,80,Anjela Dawidowitz,Zulu,Togruta
36,16,Issie Morit,Kyrgyz,Hutt
71,24,Simone Jouaneton,Papiamento,Twilek
48,67,Eamon Shere,Irish Gaelic,Human
78,44,Jojo Annett,Khmer,Togruta
56,18,Webster Fridlington,Pashto,Human
80,76,Samuel Bathowe,Ndebele,Jawa
40,83,Rachel Bretelle,Moldovan,Jawa
20,70,Moshe Primak,German,Human
50,33,Phylis MacGinney,Greek,Gungan
67,73,Blair MacTeague,Papiamento,Human
51,58,Blaire Flintoft,Macedonian,Jawa
34,40,Ev Gibby,Japanese,Gungan
46,77,Rosemary Jedrzejczak,Oriya,Sith
65,14,Hermy Clace,Romanian,Jawa
37,26,Goldia Bonhan,Maltese,Twilek
23,85,Fern Cattanach,Armenian,Wookie
63,16,Robina Sherer,Thai,Ewok
36,20,Paule Needham,Swahili,Togruta
52,86,Agnola Barker,Georgian,Sith
80,55,Wainwright Braisher,Kyrgyz,Gungan
74,16,Ruthe Tirte,Northern Sotho,Twilek
76,23,Chloette Kluger,Finnish,Gungan
59,45,Larissa Linklater,Bengali,Jawa
72,80,Brynna Lanning,Gagauz,Human
26,7,Liam Mercey,Guaraní,Togruta
46,57,Stavros Brunton,Hungarian,Hutt
23,94,Sukey Puttrell,Somali,Twilek
58,22,Udell Tieman,Hiri Motu,Jawa
27,40,Abner Sissens,Armenian,Human
24,64,Wallace Veivers,Oriya,Twilek
72,32,Merwyn Howland,Bosnian,Ewok
73,20,Claude Brend,Quechua,Twilek
71,93,Darsie Sherry,Arabic,Jawa
74,96,Meridel Pllu,Icelandic,Gungan
67,59,Viva Gritsunov,Dutch,Wookie
73,81,Kania Grigolli,Persian,Wookie
31,30,Maynard Fotitt,Bulgarian,Jawa
71,26,Emelia Thorwarth,Czech,Twilek
20,87,Geneva O'Daly,Afrikaans,Sith
68,41,Rhodie Vanezis,Dari,Togruta
25,15,Claudianus Steven,Macedonian,Human
34,50,Dene Linfield,Hebrew,Wookie
32,58,Colleen Tchaikovsky,Portuguese,Togruta
54,53,Amy Devorill,Japanese,Hutt
59,1,Jelene Woodberry,Zulu,Ewok
70,76,Janene Golledge,Italian,Wookie
50,76,Angelia Meineken,Moldovan,Togruta
62,79,Sissie Duffin,Northern Sotho,Togruta
71,17,Warren Camelli,Georgian,Jawa
43,4,Reyna Cosbee,Nepali,Jawa
72,57,Lizzie Ryrie,Belarusian,Togruta
22,98,Huey Charrette,Fijian,Togruta
21,49,Marcelo Dreghorn,Kurdish,Hutt
67,82,Julina Blanque,Albanian,Gungan
48,10,Norine Hawkes,Malay,Gungan
35,14,Julissa Rowbury,Guaraní,Wookie
79,97,Yorker Fosh,Luxembourgish,Wookie
75,33,Yelena Betts,Tsonga,Ewok
72,2,Mel Utting,Khmer,Sith
42,19,Trent Allright,Icelandic,Gungan
42,90,Edsel Greggs,Catalan,Human
49,24,Yvette Boater,Papiamento,Ewok
69,87,Shurlocke Bucklee,Czech,Togruta
34,26,Alma Dunnet,Armenian,Ewok
31,41,Jarib Plummer,Czech,Ewok
28,37,Elena Spadeck,German,Ewok
50,73,Corny Hallin,Khmer,Wookie
30,65,Erika Bowker,Guaraní,Wookie
22,96,Brandtr Walewicz,Swati,Gungan
76,46,Philippe Domini,Mongolian,Sith
50,13,Mady Giovannilli,Greek,Human
52,2,Phillis Clayworth,Dzongkha,Ewok
26,39,Belia Burnhill,Albanian,Gungan
26,61,Angelique Sayes,Lao,Sith
38,49,Merle Reavey,Macedonian,Twilek
64,72,Delcina Brockbank,Somali,Jawa
32,46,Claresta Camelli,Montenegrin,Twilek
41,32,Angil Rens,Punjabi,Human
77,46,Hyacinthe Sprasen,Papiamento,Hutt
52,47,Ninnette Padfield,Sotho,Jawa
69,27,Axel Emmott,Tok Pisin,Togruta
35,17,Brina Woollard,Kannada,Jawa
37,83,Lian Fleis,Chinese,Human
46,39,Angele Dupoy,Bulgarian,Hutt
28,46,Alric Nairy,Hiri Motu,Wookie
20,60,Meryl Cawthera,French,Hutt
67,21,Cati Hillett,Marathi,Gungan
31,46,Anabella Ranyard,West Frisian,Hutt
23,68,Hyacinth Bowness,Tamil,Twilek
29,79,Efrem Drogan,West Frisian,Ewok
45,59,Nissie Voase,Lithuanian,Gungan
30,84,Gena Georgius,Spanish,Sith
80,44,Mae Minithorpe,Arabic,Twilek
40,90,Donovan Mandeville,Bosnian,Twilek
67,77,Leone Paulin,Filipino,Sith
49,23,Lara Croley,Bulgarian,Sith
52,14,Genvieve Popplestone,Irish Gaelic,Jawa
