35,41,JHY,2001,Protocol
19,10,HTBX,1994,Protocol
8,27,TWTR,2011,Astronomechanical
7,89,USAC,2006,Astronomechanical
69,33,AVX,1993,Combat
15,28,AEE,1988,Doctor
7,80,IGT,2002,Combat
28,96,RETA,1994,Doctor
39,45,ACIU,2006,Astronomechanical
92,51,VMC,2000,Astronomechanical
53,46,VLP,2011,Astronomechanical
38,29,RPD,2004,Protocol
63,94,CFI,1997,Doctor
70,38,ASH,2003,Protocol
88,40,WCN,1994,Protocol
37,47,PHI,2003,Astronomechanical
31,11,KNL,1994,Protocol
36,5,REVG,1995,Doctor
31,91,CNCO,1999,Protocol
93,59,LCAHU,2003,Protocol
87,34,EVT,1982,Combat
29,87,INSE,2000,Doctor
30,9,CDW,2007,Astronomechanical
94,16,MCEF,1993,Doctor
57,98,CHS,2001,Astronomechanical
23,10,ACOR,2006,Astronomechanical
9,35,BHI,1996,Protocol
31,39,AIW,1993,Protocol
57,91,CRC,1994,Combat
56,40,FH,1970,Astronomechanical
87,28,ZIONW,1994,Astronomechanical
23,12,WG,2001,Protocol
55,82,ALL^B,2003,Doctor
39,89,SBRAP,2004,Combat
36,80,UMH^B,2009,Protocol
57,40,KMG,1993,Protocol
91,4,STML,2010,Combat
50,19,MUSA,2001,Astronomechanical
31,50,CHSP^A.CL,1984,Combat
94,10,FFNW,1985,Doctor
35,10,TUSK,1996,Astronomechanical
75,25,ELY,1985,Combat
68,44,USDP,2009,Doctor
33,1,ALSN,2005,Astronomechanical
77,52,SBBX,1989,Astronomechanical
43,10,GMTA,1978,Combat
83,46,BLVDU,1994,Combat
25,30,CSIQ,2003,Protocol
40,95,EQT,1991,Doctor
51,37,GILT,2002,Combat
97,90,BOKF,1998,Doctor
75,87,PRE^H,2004,Combat
14,96,ASTC,2002,Astronomechanical
37,1,PIH,2008,Combat
62,51,CIGI,2013,Protocol
98,8,MDR,2000,Protocol
29,56,EGBN,1996,Doctor
54,3,JRS,1992,Astronomechanical
29,71,CFCOU,1990,Astronomechanical
83,85,BIP,2007,Astronomechanical
71,23,SAMG,2006,Protocol
84,18,BBK,2002,Combat
50,45,NCV,1996,Protocol
50,70,SIEB,2011,Doctor
39,54,CYAD,1993,Protocol
1,98,CNA,2004,Doctor
35,8,FRC^H,2008,Doctor
16,40,SBNA,2011,Doctor
9,16,PIR,1997,Combat
18,23,MIDD,1998,Protocol
72,65,USNA,2012,Combat
75,44,HUM,2007,Astronomechanical
48,60,LOXO,1997,Doctor
35,66,REG,2007,Astronomechanical
52,49,FTXH,2006,Doctor
60,26,VERI,1997,Astronomechanical
35,95,VTVT,1985,Combat
19,98,ASA,2011,Protocol
94,95,ENLK,2001,Protocol
32,73,FOE,1994,Protocol
74,37,BSPM,2009,Protocol
85,11,IPI,2000,Astronomechanical
19,9,HSNI,2007,Doctor
64,4,DXCM,2006,Astronomechanical
57,26,AKR,2012,Combat
35,56,ATU,2009,Protocol
86,9,GIS,2012,Combat
1,80,AGN^A,1997,Doctor
56,66,LKFN,1998,Protocol
27,57,SBFG,2004,Doctor
94,33,APU,1972,Doctor
7,75,WRB,1996,Doctor
55,84,ELECU,2011,Doctor
11,40,CTX,1968,Combat
64,43,MVIS,2011,Doctor
63,85,NM^H,1987,Combat
47,41,METC,2008,Astronomechanical
93,56,SHI,2001,Combat
8,14,LEJU,2006,Doctor
13,32,CDTX,2006,Protocol
16,70,FRAC,2009,Combat
81,17,CPF,1995,Combat
50,70,ADBE,2000,Astronomechanical
12,5,MOSY,2008,Astronomechanical
59,7,EUFN,1992,Combat
100,15,PLBC,2012,Astronomechanical
98,28,FYX,1998,Combat
46,94,TOPS,2012,Doctor
81,15,UZC,2005,Doctor
18,89,AFSI^F,1994,Combat
64,67,BELFB,1988,Protocol
4,38,MSI,2004,Astronomechanical
36,30,CECO,2001,Combat
66,73,CARO,1990,Combat
43,4,TANNL,1997,Astronomechanical
71,61,HYI,1994,Protocol
75,91,WWE,1967,Protocol
84,62,WRB,1997,Combat
18,55,COF^D,2010,Protocol
23,84,CTS,2008,Protocol
64,42,DGICB,1997,Doctor
2,55,IPHS,1994,Protocol
48,54,CSV,1996,Protocol
1,49,BVXV,2009,Combat
3,47,PJH,2007,Combat
54,70,SPWH,1992,Protocol
75,11,CHMA,2010,Doctor
29,97,TJX,1993,Astronomechanical
21,60,ADMA,2007,Protocol
58,31,MYCC,2009,Doctor
9,75,CCBG,2002,Protocol
59,34,INNL,2012,Doctor
1,97,DHG,1993,Doctor
36,77,BTZ,1995,Combat
38,8,JBT,2007,Combat
77,45,OAKS,1966,Combat
13,89,UCTT,2012,Doctor
3,46,SSNT,2001,Protocol
96,93,AWP,2005,Doctor
90,73,DGLY,1994,Astronomechanical
33,100,VDTH,1993,Protocol
36,99,ELS^C,1992,Astronomechanical
3,100,TA,2003,Astronomechanical
1,74,MS^E,1997,Doctor
62,39,NTWK,2005,Doctor
79,65,CPTAG,2006,Combat
95,3,PNRA,2012,Combat
67,32,CARB,1992,Protocol
47,84,BLUE,2009,Doctor
6,97,SMTC,1997,Astronomechanical
78,87,UMPQ,1996,Combat
4,20,AGIIL,1992,Protocol
74,7,MTRN,2005,Doctor
70,68,IPI,2011,Doctor
18,28,CHCO,2009,Astronomechanical
5,21,ATNX,2006,Doctor
71,73,MTN,2006,Astronomechanical
20,50,NNN^F,2011,Protocol
3,54,YECO,2009,Astronomechanical
79,31,QLC,2011,Astronomechanical
71,43,DGRW,2008,Astronomechanical
81,88,ALX,2008,Protocol
43,54,XCRA,1997,Combat
8,95,CUBA,2006,Doctor
74,18,IDT,2001,Astronomechanical
73,59,OPTT,2006,Combat
94,43,VTTI,2007,Combat
86,63,ALK,1995,Astronomechanical
34,88,ALEX,1992,Astronomechanical
19,53,BKCC,1987,Protocol
36,58,NOVT,2006,Protocol
19,54,BIOL,2006,Doctor
72,51,TAL,1996,Protocol
19,27,DIOD,1999,Protocol
92,77,JMPC,1999,Doctor
41,39,AMH^E,1960,Combat
80,27,ECPG,2009,Combat
30,12,ALL^D,2008,Doctor
56,56,NCSM,2005,Astronomechanical
4,91,CATB,1994,Protocol
31,38,PI,1992,Doctor
90,74,BBOX,2012,Combat
16,3,IPCC,1991,Doctor
67,9,SYNL,1994,Astronomechanical
43,97,VNQI,1992,Astronomechanical
73,88,TIME,2008,Astronomechanical
11,50,PLBC,2001,Combat
76,55,LE,2010,Combat
51,98,NTG,2008,Combat
64,36,PSTI,1999,Astronomechanical
77,41,PZC,1986,Doctor
36,11,PH,2004,Doctor
67,53,MFT,1998,Combat
55,19,BRT,2011,Astronomechanical
26,42,CLCT,2000,Astronomechanical
74,89,SGBX,1985,Astronomechanical
88,73,SLG^I,1994,Doctor
32,41,OTTR,2010,Protocol
41,53,IMI,1993,Doctor
21,5,LGIH,1998,Combat
56,53,PCN,2001,Astronomechanical
78,84,EGBN,2012,Doctor
10,31,GS^C,1993,Astronomechanical
9,51,AIMT,2000,Doctor
47,48,MGEN,1989,Protocol
66,55,CERU,2010,Protocol
44,69,AMTX,2011,Combat
62,75,HPE,1985,Combat
36,46,VCLT,2009,Combat
77,80,CRC,2003,Protocol
85,37,RNWK,1999,Protocol
14,98,PAVM,1999,Combat
73,5,RTEC,2006,Astronomechanical
46,19,STRA,2006,Combat
73,97,PTH,2012,Protocol
13,43,CLDX,1995,Doctor
49,34,NTG,1994,Combat
73,45,LORL,1994,Combat
2,16,NXPI,2013,Combat
46,100,MNTA,2005,Protocol
58,29,CPTA,2012,Combat
25,53,OEC,2001,Combat
8,90,MMU,2009,Doctor
69,16,TCRX,2000,Doctor
22,24,RSO^C,2010,Protocol
54,14,HIX,1997,Protocol
86,82,ZNH,2003,Astronomechanical
87,35,GWB,2003,Doctor
64,30,RGC,1998,Protocol
98,41,AGC,2005,Doctor
24,25,EVLMC,2001,Astronomechanical
39,92,UMBF,2008,Protocol
53,8,SXI,2012,Doctor
62,57,FNB,1985,Protocol
49,29,HTBK,2001,Astronomechanical
40,74,CZWI,2011,Protocol
43,77,CPAAW,1998,Protocol
73,18,OPGN,2005,Astronomechanical
91,19,ALQA,2000,Doctor
80,11,COHU,2004,Astronomechanical
91,48,PL^C,2012,Doctor
63,29,AMOT,1999,Protocol
65,18,HQCL,2005,Astronomechanical
40,75,BPFH,1985,Protocol
92,48,GPIA,1997,Protocol
54,51,WSTL,1990,Astronomechanical
33,76,W,1991,Astronomechanical
77,59,HII,2008,Protocol
18,23,BCLI,2003,Combat
40,62,HAYN,1996,Doctor
46,34,GBX,1993,Combat
58,82,GS^B,2005,Astronomechanical
35,39,CVGI,2005,Astronomechanical
75,87,NSEC,1993,Combat
69,54,NYT,2002,Protocol
63,9,SSW^H,2003,Protocol
49,10,NCA,2002,Astronomechanical
37,87,FCCO,2004,Combat
75,61,OLN,1993,Doctor
36,46,SWZ,1997,Doctor
14,73,CTB,1995,Protocol
21,65,KAAC,1988,Protocol
70,41,AEMD,2004,Doctor
94,52,ERJ,2003,Astronomechanical
64,69,SN,2007,Protocol
46,66,BLD,2007,Doctor
79,64,FSIC,2004,Combat
31,56,SAN,2012,Combat
20,77,ABM,2012,Doctor
37,90,DNKN,2009,Doctor
32,97,DXTR,1993,Astronomechanical
37,31,TTP,1993,Astronomechanical
12,33,CDTX,1995,Combat
69,32,BGT,2006,Doctor
43,3,RRD,2011,Astronomechanical
37,40,DSKEW,2009,Astronomechanical
50,44,LANDP,2007,Doctor
76,24,CNET,1984,Astronomechanical
64,27,CLNS^A.CL,2010,Doctor
25,11,FUNC,1999,Combat
60,18,SGZA,2008,Doctor
67,57,FCAP,1999,Combat
47,75,HABT,2000,Combat
25,62,WATT,2012,Protocol
79,49,WDR,1992,Protocol
45,83,MFNC,2001,Doctor
10,14,IFON,2012,Combat
92,56,SHLM,2003,Protocol
94,1,TKR,1990,Astronomechanical
7,18,GSHT,1997,Protocol
91,31,AIQ,1992,Doctor
94,42,TUP,1989,Doctor
1,82,BDXA,1992,Doctor
32,53,CUDA,1998,Protocol
45,93,PSA^W,2002,Combat
40,99,ASPN,1994,Doctor
1,10,SHPG,2002,Protocol
31,36,PNRA,2005,Protocol
56,39,EDU,1999,Astronomechanical
32,8,PENN,2006,Astronomechanical
52,10,GFNSL,1997,Astronomechanical
88,5,FMI,1999,Astronomechanical
28,91,AMRI,2012,Combat
98,77,PLYA,2001,Astronomechanical
55,14,NEP,1986,Astronomechanical
75,65,QUAD,2002,Combat
74,48,ZUMZ,2005,Doctor
41,94,WGP,2007,Protocol
85,98,HYGS,2002,Combat
70,12,FLXN,1985,Astronomechanical
45,98,WING,2007,Protocol
37,24,ECL,1999,Protocol
89,37,HEI.A,2009,Doctor
76,39,IDT,2000,Combat
55,85,GRID,1999,Combat
76,100,PFM,2005,Astronomechanical
57,34,BRSS,2011,Protocol
65,1,ARH^C,1996,Protocol
97,84,FHN^A,2006,Doctor
64,35,BXMT,2005,Combat
17,49,NNN,1997,Protocol
8,59,TICC,2009,Protocol
92,77,ASPN,1994,Protocol
77,30,MT,2010,Combat
44,22,BEP,2000,Combat
96,31,PRFT,1996,Astronomechanical
24,7,CUBI^F,2007,Astronomechanical
73,51,INFY,2001,Combat
88,8,SRNE,1998,Combat
61,58,ELP,1965,Combat
73,44,WAC,2013,Protocol
7,80,GUT^A,1926,Combat
72,63,ATHX,2010,Combat
81,70,BBU,2011,Doctor
35,90,FALN,2008,Protocol
16,16,CYTR,2010,Astronomechanical
76,46,NRE,2010,Astronomechanical
73,14,QPACW,2003,Protocol
59,84,HNH,2012,Combat
91,43,PDP,1992,Astronomechanical
5,8,PKG,1998,Protocol
64,99,TSRO,2003,Astronomechanical
19,53,CNXN,2002,Combat
86,18,SGYP,1992,Combat
84,35,PVTBP,2003,Combat
95,89,GAM^B,2000,Doctor
64,65,AIMC,1996,Protocol
79,84,CRL,1990,Astronomechanical
20,10,PGRE,2002,Combat
23,30,IVH,2002,Astronomechanical
92,42,CUBI,1998,Protocol
28,5,ABTL,2008,Doctor
36,49,BAC^A,1993,Protocol
48,42,MHNB.CL,2009,Protocol
29,11,IEUS,1988,Protocol
55,55,CNC,2010,Doctor
66,6,FDUS,2013,Combat
33,46,AFSI^D,1992,Doctor
26,78,HOPE,2006,Protocol
96,69,RSO^B,1994,Astronomechanical
2,76,LRAD,1997,Astronomechanical
68,42,WHLRP,1998,Protocol
78,24,DNBF,1999,Astronomechanical
39,25,ARES^A,2010,Protocol
50,48,EEFT,1987,Astronomechanical
29,2,CAKE,1989,Protocol
70,47,DISCA,2008,Astronomechanical
49,35,EPR^E,1963,Astronomechanical
24,42,MPB,2001,Astronomechanical
88,93,RELL,2004,Doctor
83,72,TTP,1993,Protocol
54,21,NOAH,2012,Doctor
66,2,ZTR,1985,Doctor
22,48,IDSA,1997,Astronomechanical
14,72,OI,2007,Astronomechanical
3,1,TRK,2009,Combat
87,1,AVT,1993,Protocol
15,96,VTGN,2008,Doctor
93,85,FSNN,1992,Protocol
20,58,VOYA,1987,Protocol
22,60,PIM,2008,Protocol
48,67,RXIIW,1968,Protocol
56,35,WAFD,2004,Combat
97,88,CMG,1999,Combat
12,66,BKFS,2009,Doctor
9,57,AKER,1995,Doctor
85,33,ARI^A,2012,Astronomechanical
57,25,HOV,2005,Protocol
29,20,TCBK,1999,Doctor
62,29,TEI,2000,Combat
63,32,RSO^B,2000,Combat
68,11,FISI,1999,Doctor
38,54,MCBC,1988,Astronomechanical
42,44,KONE,2010,Protocol
73,3,ARES,2009,Protocol
81,60,LANDP,2011,Protocol
57,4,GLBS,1998,Doctor
7,6,JHA,2005,Doctor
57,90,ATO,1987,Protocol
46,66,AER,2003,Doctor
93,59,WTBA,2006,Doctor
20,34,TAX,1999,Protocol
58,95,QSR,2010,Protocol
89,28,SRUN,2006,Doctor
48,89,TCMD,2011,Astronomechanical
45,9,CNMD,2012,Protocol
82,13,AGM^B,1996,Doctor
1,42,ABT,2011,Protocol
89,29,DSX^B,2000,Combat
30,70,KAACU,1999,Protocol
88,9,RP,1995,Protocol
99,27,GIMO,1996,Protocol
8,89,WFE^A,2004,Astronomechanical
32,10,HBM,1992,Astronomechanical
50,53,APLP,1985,Doctor
37,32,VMW,2011,Combat
69,65,TSC,2009,Doctor
20,6,RVSB,2004,Doctor
63,76,TVTY,2008,Astronomechanical
32,94,NTIC,2003,Astronomechanical
30,67,BCTF,2005,Doctor
99,49,SGBK,1991,Protocol
64,78,NKSH,2009,Protocol
8,7,SEP,1987,Combat
87,57,AGC,2006,Protocol
52,58,FPH,1994,Doctor
7,71,OSBC,2010,Astronomechanical
5,100,BOH,1998,Combat
75,31,ENTG,2009,Doctor
94,81,MCR,1989,Astronomechanical
51,34,ABUS,2004,Doctor
89,56,DEO,2007,Protocol
99,64,DXB,2011,Protocol
78,2,WFC^P,2010,Astronomechanical
20,73,YUM,2008,Doctor
24,68,RGR,2000,Protocol
92,48,AGLE,2007,Combat
20,64,QAT,1987,Astronomechanical
89,29,MFC,1998,Combat
78,4,MFT,1997,Protocol
76,36,MYF,2006,Protocol
87,83,MCY,1993,Doctor
81,68,ALDX,2010,Doctor
52,93,LITE,1994,Combat
75,80,SUPV,2004,Combat
94,96,NK,2009,Combat
97,22,BKEP,2003,Combat
51,60,JPS,1988,Doctor
74,70,DXCM,2012,Protocol
27,50,LCII,1998,Astronomechanical
37,40,DB,2009,Protocol
56,19,RXIIW,1994,Protocol
79,20,WTI,1993,Protocol
99,4,PF,1995,Protocol
28,46,SNDR,1991,Combat
11,92,JWN,2007,Protocol
89,1,FTXL,1992,Protocol
23,29,RTIX,2006,Protocol
46,29,BXS,2001,Doctor
40,79,HEP,1998,Doctor
48,38,CTAA,1996,Protocol
89,28,VNDA,1992,Protocol
41,82,BABA,1994,Doctor
90,44,MAT,1996,Astronomechanical
51,57,STAR^F,1995,Protocol
12,54,TAIT,2004,Protocol
33,35,PTX,1994,Doctor
31,56,CRT,1999,Doctor
72,72,VIAB,2007,Combat
28,75,SQBG,2009,Combat
14,67,EMN,2003,Astronomechanical
5,84,FCF,1986,Astronomechanical
31,6,KODK.WS.A,1998,Astronomechanical
100,68,FSFR,2008,Astronomechanical
38,75,AMC,2008,Combat
62,62,NXEOU,2009,Combat
30,80,CVBF,1995,Doctor
1,44,ATLC,2007,Doctor
14,33,MGCD,2005,Doctor
59,100,INO,2000,Doctor
3,38,OBSV,2004,Combat
71,95,VYGR,1998,Astronomechanical
75,93,FBHS,2008,Protocol
56,90,OLLI,2010,Astronomechanical
64,22,ITGR,1999,Astronomechanical
94,28,DWLD,1995,Protocol
86,26,MHN,2002,Combat
86,79,FEX,2007,Combat
62,26,NGHCZ,2000,Combat
82,95,DMB,2005,Doctor
10,88,QADB,2012,Doctor
38,57,OCLR,2010,Astronomechanical
44,77,CNFR,2000,Doctor
53,50,VIV,2002,Doctor
39,30,DAC,2001,Combat
61,93,KMG,2010,Doctor
95,88,FRT,2012,Doctor
60,92,SBS,1995,Protocol
37,84,AMSF,1995,Doctor
73,11,XYL,1993,Doctor
17,22,DYSL,2009,Protocol
71,84,AHL^B.CL,2012,Astronomechanical
77,34,SGEN,1995,Astronomechanical
15,44,XELB,2012,Astronomechanical
4,11,WHLR,2005,Doctor
21,80,TV,1995,Astronomechanical
12,67,AMH^A,2012,Protocol
8,25,RTEC,2009,Doctor
73,68,EMITF,1993,Combat
97,23,PNRG,2003,Doctor
30,64,CIBR,2000,Protocol
72,19,UCTT,1992,Astronomechanical
60,83,OMED,2010,Combat
48,14,NFLX,2013,Astronomechanical
52,38,SFL,2006,Astronomechanical
27,53,MVCB,2006,Astronomechanical
31,44,QADB,1994,Protocol
8,94,ARE,2002,Astronomechanical
92,63,ESGD,2001,Protocol
50,96,PNC.WS,2008,Combat
49,24,ROYT,2007,Doctor
83,24,TDS,1977,Astronomechanical
17,13,GMLP,2004,Doctor
10,52,SKIS,2007,Combat
64,77,CALA,1997,Protocol
52,47,CLNE,2006,Combat
76,10,TBNK,1994,Astronomechanical
7,63,WMGIZ,1993,Protocol
82,43,MDT,1992,Astronomechanical
28,75,FCAN,2003,Astronomechanical
67,68,EFAS,2002,Doctor
19,3,NVLS,2004,Protocol
23,90,TNET,1994,Combat
59,7,PLAY,1991,Doctor
10,27,ENLC,2012,Astronomechanical
71,72,LCNB,1992,Combat
52,84,ES,2004,Astronomechanical
36,89,EUFN,2010,Doctor
67,26,PSA^E,1994,Combat
91,87,ASUR,1994,Astronomechanical
5,85,CATS,1993,Astronomechanical
36,86,GFF,2008,Doctor
83,33,BX,1998,Astronomechanical
34,48,VXUS,2003,Doctor
28,89,CHUBK,2001,Combat
34,54,FMC,2006,Doctor
17,65,IAC,1997,Doctor
77,80,COL,2008,Combat
37,54,ETRM,1995,Combat
71,23,CVCY,2007,Astronomechanical
43,48,AIB,2009,Combat
41,33,ADSK,1994,Astronomechanical
70,22,BRKL,1996,Doctor
57,33,OII,1986,Astronomechanical
79,69,M,1999,Doctor
17,24,MXWL,2009,Doctor
79,33,CHW,2004,Protocol
40,73,SLRC,1994,Combat
4,40,GS^J,2007,Astronomechanical
83,68,PEI,2007,Astronomechanical
7,82,LAZ,1997,Protocol
30,6,LAWS,1973,Astronomechanical
39,57,JKS,1969,Combat
94,98,CBX,1989,Astronomechanical
27,60,ATU,2011,Protocol
26,37,CNSL,2011,Protocol
53,93,TEAR,2007,Astronomechanical
10,97,NAV^D,2001,Combat
57,30,WNEB,2009,Astronomechanical
31,2,FPT,2008,Doctor
42,29,NVDQ,2008,Combat
97,69,REIS,2003,Combat
43,53,HNRG,1993,Doctor
23,34,NCV,2002,Protocol
17,58,BXMX,1995,Combat
57,5,MSCC,2011,Protocol
70,77,DWTR,2008,Protocol
4,6,MTBCP,1998,Combat
32,71,MOG.B,2010,Protocol
95,92,CHGG,2007,Astronomechanical
23,26,SRRA,1991,Astronomechanical
3,45,BWG,1987,Doctor
8,85,JMPB,2009,Doctor
32,91,ARA,2003,Doctor
15,8,PLXS,1997,Doctor
22,84,JMPB,2006,Astronomechanical
2,75,FMS,2009,Astronomechanical
45,75,ETG,1989,Protocol
69,3,MASI,2003,Protocol
8,65,KCG,1926,Combat
53,47,MTP,1992,Astronomechanical
100,43,FE,2005,Doctor
43,67,ARR^A,2002,Combat
80,45,INOV,1998,Protocol
97,75,MTD,2003,Protocol
40,68,EP^C,2008,Astronomechanical
19,25,GSHTW,1988,Combat
40,57,ITRN,2002,Combat
28,26,AIC,2008,Doctor
22,2,LM,2000,Astronomechanical
85,51,CEMI,2002,Doctor
79,93,SMTC,1993,Protocol
56,36,FDEU,1994,Combat
22,86,MUE,1986,Doctor
36,4,AER,2002,Combat
78,81,GKOS,2009,Astronomechanical
29,8,GLOG,2005,Doctor
70,46,ALOG,2010,Astronomechanical
43,35,GOV,2000,Combat
59,74,SIX,2006,Doctor
88,7,AMPH,1985,Doctor
82,53,IPDN,2000,Astronomechanical
84,17,AIC,1987,Astronomechanical
95,63,CP,1998,Protocol
55,86,SEAS,2004,Astronomechanical
87,89,SKYW,1995,Combat
72,100,CXO,2008,Doctor
5,11,SWM,2012,Combat
44,78,MCEF,2004,Doctor
67,93,RSO^B,2011,Combat
47,98,TEGP,1993,Doctor
99,47,MFV,2008,Doctor
38,3,NOM,2002,Protocol
45,3,NSL,2010,Protocol
38,28,SOHOM,2005,Combat
71,47,NXST,1999,Protocol
84,4,AGU,2006,Protocol
83,40,GNL,2004,Combat
35,41,BOBE,1993,Protocol
19,7,SFS,1996,Doctor
99,53,TCX,2005,Protocol
66,88,WTBA,2006,Doctor
41,40,ORBK,2007,Doctor
84,30,AMTD,1995,Doctor
45,2,FTD,1997,Protocol
63,95,TAST,2009,Protocol
44,33,PAH,2009,Combat
80,31,MMU,2005,Protocol
59,36,AFSS,2006,Combat
52,85,NNDM,1986,Combat
99,89,STAG^B,1989,Astronomechanical
74,67,NHLD,2011,Astronomechanical
38,91,NNN,2008,Protocol
10,80,ELP,2006,Protocol
73,55,DGICA,2005,Doctor
37,67,FORD,2002,Combat
73,2,GLDD,2008,Doctor
93,27,SFUN,2008,Combat
99,100,CRK,2005,Doctor
94,72,PSDO,2005,Protocol
83,18,FHK,2008,Doctor
66,1,DCT,2007,Combat
94,49,PRH,2009,Astronomechanical
44,25,CYTK,2002,Protocol
34,56,APD,1993,Protocol
17,69,TGNA,2005,Protocol
79,21,JILL,2012,Protocol
79,49,HEI.A,1992,Protocol
24,38,AFW.CL,2007,Doctor
10,59,NIHD,2009,Combat
99,26,CBSH,2005,Astronomechanical
21,55,KS,1989,Astronomechanical
72,74,EVHC^,2003,Doctor
94,34,CENTA,1995,Doctor
2,40,MCEF,2006,Doctor
90,22,DAL,2011,Doctor
95,57,AVXS,1994,Protocol
55,46,INCR,2000,Protocol
99,97,HBANP,2001,Astronomechanical
54,49,NKSH,1992,Astronomechanical
7,33,SCHW^B,2004,Doctor
68,60,LOPE,2004,Combat
22,24,LOR,2012,Astronomechanical
2,65,SHOO,1999,Protocol
23,15,MQT,2011,Combat
51,81,OVID,1986,Protocol
81,71,GHDX,1992,Combat
52,81,TRCB,2004,Combat
52,90,GOV,2010,Protocol
59,71,KIRK,2003,Doctor
85,89,AET,1985,Astronomechanical
59,42,LGCYP,1992,Combat
13,58,RFT,1999,Doctor
3,7,INFR,1994,Astronomechanical
60,53,MXE,2006,Astronomechanical
79,5,MPV,2010,Astronomechanical
54,69,SMCI,2004,Protocol
74,63,EAI,2005,Protocol
40,43,CYS^A,1990,Doctor
78,26,XOXO,1995,Astronomechanical
72,20,MARPS,2011,Doctor
82,90,HBAN,1996,Protocol
90,51,KTEC,2002,Protocol
5,36,NTB,2003,Doctor
4,77,PLD,2005,Astronomechanical
55,89,WBS^E,2002,Protocol
61,8,EGLT,2008,Protocol
19,63,GIS,2000,Doctor
48,41,DWTR,1999,Astronomechanical
54,4,SU,2002,Doctor
57,74,KTF,1993,Astronomechanical
43,42,SMI,1988,Protocol
14,58,AIMT,2011,Combat
57,13,GS^N,1992,Doctor
90,100,AIV^A,1999,Astronomechanical
83,36,SSBI,2009,Doctor
47,40,KWN,2002,Astronomechanical
74,89,FBSS,1995,Protocol
1,47,NFEC,2009,Protocol
70,75,MVIS,1992,Doctor
74,84,SRTSW,2006,Combat
44,67,UNF,2000,Combat
88,21,SWJ,1998,Combat
18,53,ADRA,1987,Astronomechanical
65,11,ORCL,1997,Doctor
76,84,NVS,1996,Combat
4,66,EXFO,2010,Doctor
46,28,JBL,1992,Protocol
32,28,CORT,1993,Protocol
40,55,BWG,2009,Doctor
68,20,CRD.A,1994,Astronomechanical
95,84,DFP,1994,Combat
47,60,NBB,2009,Combat
42,85,ECOL,2011,Doctor
52,81,LW,1993,Astronomechanical
76,22,WWW,2011,Protocol
94,48,CBT,2009,Astronomechanical
66,16,AAC,1995,Protocol
74,52,SFS,2008,Protocol
53,86,DSKE,2002,Astronomechanical
3,34,RL,2007,Doctor
65,44,GFF,2009,Protocol
29,65,ANFI,1994,Doctor
16,77,AGCO,1992,Combat
7,43,CAI,2002,Protocol
72,39,CUB,1990,Protocol
58,69,PSTG,1990,Protocol
74,62,CLACW,1988,Combat
60,28,ALX,2010,Protocol
42,89,FPI,1995,Doctor
3,82,CLNT,2012,Protocol
39,36,USCR,2005,Protocol
27,91,CCOI,1997,Astronomechanical
14,33,AHT^G,1997,Doctor
6,69,REN           ,1998,Doctor
79,80,TILE,1995,Astronomechanical
84,86,RAS^C,1984,Protocol
36,82,UMH^B,1997,Astronomechanical
44,50,CBAK,2006,Astronomechanical
77,82,BA,2013,Doctor
4,29,CHE,2008,Doctor
87,91,TANNZ,2007,Astronomechanical
16,88,CHT,1992,Doctor
50,99,HGH,2010,Protocol
15,5,ACFC,1995,Combat
100,88,POOL,2003,Doctor
6,88,MNI,1987,Doctor
11,40,AMH,1992,Doctor
30,93,BGR,1980,Doctor
23,60,PG,2012,Doctor
16,89,NTCT,2003,Combat
26,72,WASH,2002,Protocol
66,87,GSVC,1999,Protocol
46,59,EFOI,2010,Astronomechanical
51,47,DTRM,1991,Astronomechanical
45,72,JBL,2001,Protocol
39,78,FLXS,1994,Protocol
7,21,LNDC,2009,Doctor
71,94,DKT,2004,Protocol
25,50,TRQ,2009,Combat
68,86,TCCB,2008,Astronomechanical
29,82,COT,1992,Combat
56,93,BKS,1994,Doctor
17,94,CFR^A,1992,Astronomechanical
36,27,AGM.A,2009,Combat
98,20,LB,2009,Protocol
97,74,SSW^E,2000,Doctor
87,47,SAR,1995,Astronomechanical
68,17,PDS,2003,Protocol
63,78,OSTK,1994,Doctor
77,8,FRP,2006,Protocol
60,98,FMN,2010,Protocol
13,71,KTOVW,2005,Protocol
31,64,HSKA,1991,Doctor
87,13,PRE^I,1989,Protocol
57,39,WDC,1995,Astronomechanical
67,76,BCRX,2013,Astronomechanical
10,74,IFGL,1999,Combat
30,18,NOC,1991,Astronomechanical
63,81,FBHS,2001,Astronomechanical
44,42,IHC,2012,Astronomechanical
7,50,SRF,1999,Astronomechanical
59,59,LAZ,2007,Protocol
60,70,PAR,2004,Combat
69,100,OFLX,1996,Protocol
37,26,MBLY,2001,Astronomechanical
54,58,BFS,1989,Doctor
97,90,TILE,1967,Protocol
55,15,BIDU,1991,Combat
70,88,DWAS,1993,Doctor
46,27,SOJB,2008,Combat
93,14,AYI,1993,Doctor
75,84,ORPN,1995,Astronomechanical
89,27,MNKD,1994,Doctor
66,42,SLGN,2001,Doctor
6,51,UBS,1985,Protocol
76,56,ADXS,2010,Protocol
12,23,NGL,1988,Protocol
60,39,JMLP,2008,Doctor
60,87,ZGNX,1992,Doctor
1,8,WSCI,2007,Astronomechanical
82,66,DLX,2009,Combat
24,26,ROST,2012,Combat
45,68,TELL,1992,Doctor
72,57,B,1997,Doctor
9,63,FLIC,1995,Astronomechanical
97,8,EMIF,1992,Combat
24,37,DTLA^,2008,Protocol
88,24,RELY,2000,Astronomechanical
58,17,DCM,2009,Combat
31,82,INTL,2006,Combat
53,78,STAA,1996,Combat
96,24,DCOM,1995,Protocol
48,20,BWG,1991,Protocol
71,71,SNHNL,1997,Astronomechanical
67,22,DFVS,1995,Doctor
90,10,NCOM,2009,Astronomechanical
52,77,OGS,2007,Protocol
17,20,TMK^C,1987,Protocol
25,13,AIV^A,1991,Astronomechanical
45,82,WVE,1999,Doctor
52,51,SSW,2007,Astronomechanical
20,16,AMG,1999,Combat
17,64,SEE,1988,Doctor
95,58,STLR,2010,Combat
20,31,AEL,2001,Protocol
36,39,SNCR,1994,Combat
64,93,DPZ,1995,Doctor
77,36,TBK,1999,Astronomechanical
44,48,CBS.A,1983,Astronomechanical
49,85,TSEM,2006,Astronomechanical
54,99,INF,1992,Combat
30,13,FULT,2000,Protocol
48,33,BK,2010,Protocol
9,38,EVHC,2005,Combat
34,19,JCAP,2011,Protocol
62,42,ANIK,1992,Astronomechanical
77,43,CYTX,1995,Protocol
6,31,GEL,1990,Protocol
99,60,NOM,1991,Doctor
88,10,OMAB,1986,Astronomechanical
78,25,HIO,2001,Astronomechanical
98,1,XL,1955,Combat
80,9,TRVN,2003,Doctor
91,93,UFPT,2001,Combat
63,61,HIO,2006,Astronomechanical
39,8,EVH,2009,Protocol
24,42,AIRG,2005,Doctor
65,28,LGI,2001,Astronomechanical
11,95,PCK,2009,Astronomechanical
56,75,NTC,1998,Doctor
81,43,FTXN,1995,Doctor
77,11,FCEF,2010,Astronomechanical
28,91,PN,2010,Protocol
81,3,CPLA,2009,Protocol
57,36,AT,1996,Astronomechanical
81,78,ESRX,1984,Protocol
73,11,ECR,2004,Doctor
42,82,TSLX,1991,Protocol
25,1,FFHL,1999,Astronomechanical
84,86,CSLT,1987,Protocol
82,68,BIOA,1964,Doctor
59,10,IBKR,2002,Astronomechanical
15,68,ETG,1994,Combat
60,64,SNV,1996,Combat
21,47,LTC,2008,Doctor
43,23,SJI,2002,Protocol
96,7,USDP,2010,Doctor
60,43,LAMR,2003,Astronomechanical
38,76,RP,2012,Astronomechanical
93,37,FDT,1992,Astronomechanical
40,57,MFA^B,2003,Combat
78,28,TEAM,1993,Combat
5,72,CHMA,2011,Protocol
44,25,TWTR,1987,Protocol
83,82,LABL,1989,Doctor
53,65,OLP,2006,Combat
79,36,SNY,2013,Astronomechanical
70,25,SPLP^A,2008,Protocol
49,24,PKD,1994,Protocol
82,5,FT,1996,Doctor
39,70,CMCT,2007,Combat
61,26,DWAQ,1986,Doctor
54,74,NYMX,1973,Doctor
39,17,IPDN,1987,Astronomechanical
56,10,LMRKP,2002,Combat
69,42,TGP,2005,Doctor
68,19,PNNT,1994,Astronomechanical
100,71,SALM,2008,Combat
86,28,JRO,1992,Doctor
11,84,FEP,2005,Protocol
56,27,CHN,2004,Doctor
61,81,VIAB,1998,Doctor
83,64,DYNC,2000,Protocol
22,12,NAP,2005,Doctor
55,33,IDE,2005,Combat
3,87,GIFI,2010,Combat
74,88,PF,1992,Protocol
96,8,ENBL,1986,Protocol
69,19,K,2007,Doctor
37,60,OACQR,2006,Astronomechanical
96,87,KLAC,2002,Protocol
94,97,CTWS,1998,Protocol
59,18,MCN,2007,Doctor
92,69,GTLS,1994,Combat
81,34,TEL,1966,Protocol
61,71,BNS,2003,Protocol
70,26,AED,1998,Astronomechanical
17,44,KKR^B,2005,Combat
4,74,GARS,1994,Astronomechanical
83,29,BLMN,1995,Protocol
15,81,NFJ,2011,Combat
14,59,MRUS,2003,Combat
16,39,REIS,2002,Protocol
87,15,MGYR,1984,Combat
97,29,CAB,2005,Protocol
3,31,CP,2013,Doctor
28,93,SRSC,2007,Combat
60,70,BMTC,2012,Combat
95,31,KMM,1992,Astronomechanical
70,86,KNX,2002,Protocol
45,19,PSF,1994,Doctor
17,74,CELP,2004,Doctor
55,45,FARM,2008,Astronomechanical
2,76,DTK,2011,Protocol
54,58,CHKR,1996,Doctor
64,47,ALG,1977,Combat
47,88,CTBB,2004,Astronomechanical
23,3,HCI,1984,Protocol
75,74,ESSA,1999,Doctor
59,99,MRVC,1999,Protocol
82,22,OZM,2008,Astronomechanical
53,90,FOSL,1999,Astronomechanical
78,1,EMIF,2011,Astronomechanical
35,36,OHI,2008,Protocol
15,53,FSBC,2001,Combat
95,89,FBHS,2003,Combat
55,51,AMAG,1998,Protocol
2,28,ICPT,1993,Combat
80,37,SEDG,2008,Doctor
1,46,OCFC,2008,Doctor
70,17,CXRX,2008,Astronomechanical
65,98,NTCT,1966,Protocol
76,98,MNTX,2002,Astronomechanical
22,32,EVAR,2008,Protocol
67,27,NYNY,1999,Protocol
45,51,WHLRD,1994,Combat
20,73,WHG,1994,Astronomechanical
16,74,MMS,2006,Astronomechanical
18,88,NHF,2002,Astronomechanical
46,40,WYIGW,1995,Combat
39,4,CEMI,2004,Protocol
46,26,WDAY,1991,Protocol
8,68,REVG,2002,Protocol
8,90,WTTR,2006,Combat
10,51,KYN^F,1997,Astronomechanical
63,60,LGCYO,2005,Astronomechanical
56,93,VICR,1997,Combat
88,60,ANTM,1994,Protocol
4,51,PFIE,1983,Doctor
6,91,SHOP,2009,Astronomechanical
59,6,AHPAW,2010,Astronomechanical
74,63,SHIPW,1993,Protocol
8,90,AMBCW,2000,Doctor
65,27,PF,2007,Astronomechanical
13,33,MLHR,1994,Combat
13,97,ABG,1997,Doctor
36,95,RACE,1999,Protocol
55,2,ESS,2007,Protocol
64,97,WTBA,2005,Combat
63,94,LLEX,1993,Protocol
15,81,PACD,1997,Astronomechanical
79,41,DSW,1986,Protocol
79,79,ENR,1984,Astronomechanical
83,21,CHK,1998,Protocol
3,59,SFBS,2001,Doctor
10,65,EOG,2010,Doctor
89,58,CORE,2005,Astronomechanical
59,84,CCLP,1987,Doctor
68,83,CSL,2004,Combat
87,53,PLPC,1996,Combat
12,67,CX,1995,Doctor
85,41,CELP,2007,Protocol
1,75,LAZ,2006,Combat
79,40,RLH,2003,Protocol
46,84,SYT,2002,Protocol
17,37,SKYY,2006,Astronomechanical
94,8,APC,1988,Combat
65,49,BBOX,1991,Protocol
65,46,VIV,1967,Astronomechanical
